driver_id,rating,vehicle_type,experience_months
D001,4.0,bike,31
D002,4.5,scooter,8
D003,3.84,scooter,15
D004,4.63,bike,34
D005,4.21,bike,26
D006,4.54,bike,12
D007,4.62,bike,26
D008,4.45,ebike,23
D009,4.72,ebike,15
D010,4.52,ebike,7
D011,4.87,scooter,18
D012,4.14,bike,10
D013,4.38,bike,43
D014,5.0,bike,16
D015,4.53,ebike,23
D016,4.67,scooter,46
D017,4.49,bike,17
D018,4.88,bike,16
D019,4.72,scooter,58
D020,4.48,bike,10
D021,4.66,scooter,38
D022,4.4,scooter,35
D023,4.69,ebike,27
D024,4.75,bike,32
D025,4.76,bike,28
D026,4.68,scooter,19
D027,4.3,ebike,4
D028,4.09,bike,10
D029,4.46,bike,19
D030,4.72,scooter,19
D031,4.32,ebike,17
D032,4.57,ebike,5
D033,4.34,scooter,33
D034,4.37,scooter,32
D035,4.5,scooter,5
D036,4.51,bike,20
D037,4.63,scooter,10
D038,4.64,bike,22
D039,4.61,scooter,13
D040,4.79,bike,27
D041,4.85,bike,83
D042,4.34,bike,33
D043,4.36,bike,14
D044,4.37,scooter,19
D045,4.46,scooter,21
D046,4.31,bike,38
D047,4.17,scooter,10
D048,4.84,bike,11
D049,4.79,bike,17
D050,4.53,bike,59
D051,4.95,bike,34
D052,4.7,bike,10
D053,4.57,bike,22
D054,4.61,bike,15
D055,4.51,bike,14
D056,3.76,scooter,19
D057,4.4,scooter,7
D058,4.9,scooter,15
D059,4.72,bike,7
D060,4.47,bike,24
D061,4.11,bike,32
D062,4.91,bike,32
D063,4.22,scooter,50
D064,4.6,bike,17
D065,4.4,bike,17
D066,4.06,scooter,21
D067,4.49,bike,9
D068,4.77,scooter,1
D069,4.54,scooter,16
D070,5.0,bike,22
D071,4.75,scooter,30
D072,4.48,scooter,22
D073,4.58,bike,48
D074,4.83,bike,6
D075,4.6,bike,22
D076,3.91,bike,9
D077,4.52,bike,4
D078,4.36,bike,18
D079,4.56,scooter,22
D080,4.49,bike,12
D081,4.44,scooter,15
D082,4.66,scooter,44
D083,4.69,bike,38
D084,4.22,scooter,33
D085,4.48,bike,26
D086,4.64,bike,28
D087,4.32,bike,62
D088,4.56,scooter,28
D089,5.0,bike,19
D090,4.79,bike,12
D091,3.93,bike,47
D092,4.49,scooter,7
D093,4.43,ebike,28
D094,4.56,bike,24
D095,5.0,bike,6
D096,4.6,bike,20
D097,4.67,ebike,19
D098,4.53,scooter,7
D099,4.75,bike,6
D100,4.62,scooter,7
D101,4.46,scooter,19
D102,4.72,scooter,16
D103,4.2,scooter,28
D104,4.68,bike,30
D105,4.43,bike,18
D106,4.33,bike,24
D107,4.76,bike,17
D108,4.17,scooter,5
D109,4.03,bike,36
D110,4.66,bike,5
D111,4.21,bike,30
D112,4.12,bike,19
D113,4.44,ebike,30
D114,4.12,bike,59
D115,5.0,bike,20
D116,4.77,bike,15
D117,4.5,scooter,34
D118,4.45,bike,7
D119,4.65,bike,15
D120,4.67,scooter,22
